                  epoch,         train/box_loss,         train/cls_loss,         train/dfl_loss,   metrics/precision(B),      metrics/recall(B),       metrics/mAP50(B),    metrics/mAP50-95(B),           val/box_loss,           val/cls_loss,           val/dfl_loss,                 lr/pg0,                 lr/pg1,                 lr/pg2
                      1,                 1.7502,                 3.8003,                 1.4714,                0.69354,                0.06546,                0.11165,                0.06356,                 1.5182,                 3.4459,                 1.2695,             0.00041045,             0.00041045,             0.00041045
                      2,                 1.6315,                 2.7628,                  1.298,                0.16108,                0.35714,                0.16006,                0.09042,                   1.64,                 2.6231,                 1.3575,             0.00082548,             0.00082548,             0.00082548
                      3,                 1.6241,                 2.5005,                  1.313,                0.17751,                0.35482,                0.16705,                0.08936,                 1.5263,                 2.8729,                 1.3365,              0.0012389,              0.0012389,              0.0012389
                      4,                 1.5537,                 2.4287,                 1.2804,                0.21137,                0.29323,                0.18286,                0.10168,                 1.5025,                 2.5029,                  1.316,              0.0012426,              0.0012426,              0.0012426
                      5,                 1.5606,                 2.3423,                 1.2845,                0.20798,                0.33191,                0.18787,                0.10218,                 1.5391,                 2.6517,                 1.3551,              0.0012426,              0.0012426,              0.0012426
                      6,                 1.5716,                 2.3589,                 1.2927,                0.18658,                0.37502,                0.19142,                0.10071,                 1.5694,                 2.5991,                 1.3116,              0.0012401,              0.0012401,              0.0012401
                      7,                 1.5656,                  2.407,                 1.2758,                0.19572,                0.41615,                0.20738,                0.10872,                 1.5673,                 2.5537,                 1.3027,              0.0012376,              0.0012376,              0.0012376
                      8,                  1.544,                 2.1892,                 1.2759,                0.21074,                0.45307,                0.18612,                0.10074,                 1.5146,                 2.3609,                 1.3095,              0.0012351,              0.0012351,              0.0012351
                      9,                  1.522,                 2.2421,                 1.2812,                0.20461,                0.42841,                0.20895,                0.11754,                 1.5117,                 2.3346,                 1.3099,              0.0012327,              0.0012327,              0.0012327
                     10,                 1.4972,                 2.1727,                 1.2645,                0.18918,                0.39018,                0.20669,                0.11151,                 1.5435,                 2.3942,                 1.3112,              0.0012302,              0.0012302,              0.0012302
                     11,                 1.4886,                 2.1472,                 1.2477,                0.20815,                0.40711,                0.22517,                0.12403,                 1.5223,                  2.383,                 1.3367,              0.0012277,              0.0012277,              0.0012277
                     12,                 1.5125,                 2.1572,                  1.269,                 0.2187,                0.35136,                0.21184,                0.11342,                 1.5212,                 2.3709,                 1.3129,              0.0012252,              0.0012252,              0.0012252
                     13,                 1.5704,                 2.1661,                 1.3018,                0.21763,                 0.4078,                0.20858,                0.11288,                 1.5093,                 2.4994,                 1.3287,              0.0012228,              0.0012228,              0.0012228
                     14,                 1.4788,                 2.1616,                 1.2673,                0.26508,                0.35056,                0.22521,                0.11295,                 1.4888,                 2.4769,                 1.3134,              0.0012203,              0.0012203,              0.0012203
                     15,                 1.4975,                 2.0934,                 1.2544,                0.18477,                0.33895,                0.19196,                0.10008,                 1.5257,                 2.6813,                 1.3169,              0.0012178,              0.0012178,              0.0012178
                     16,                 1.4961,                 2.0702,                 1.2668,                 0.2139,                0.40111,                 0.2358,                0.13285,                 1.4616,                 2.3848,                 1.2923,              0.0012154,              0.0012154,              0.0012154
                     17,                 1.4892,                 2.0163,                 1.2469,                0.24226,                 0.4391,                0.22495,                0.12056,                 1.5015,                 2.4459,                 1.3264,              0.0012129,              0.0012129,              0.0012129
                     18,                  1.467,                 2.0841,                 1.2469,                0.19228,                0.41941,                0.23053,                0.12689,                 1.5558,                 2.2515,                 1.3223,              0.0012104,              0.0012104,              0.0012104
                     19,                 1.4619,                 2.0245,                 1.2282,                0.26431,                0.43324,                0.23309,                0.12598,                 1.5324,                 2.4974,                 1.3307,              0.0012079,              0.0012079,              0.0012079
                     20,                 1.4727,                 2.0231,                 1.2275,                0.23168,                0.39005,                0.22209,                0.12452,                 1.4247,                 2.4245,                 1.2641,              0.0012055,              0.0012055,              0.0012055
                     21,                 1.4223,                 2.0219,                 1.2251,                0.20238,                0.44666,                0.23099,                0.13757,                 1.4631,                 2.2779,                 1.2899,               0.001203,               0.001203,               0.001203
                     22,                 1.4502,                 2.0157,                 1.2556,                0.24136,                0.29082,                 0.2329,                0.13156,                  1.474,                 2.2403,                 1.2933,              0.0012005,              0.0012005,              0.0012005
                     23,                 1.4313,                 1.9691,                  1.233,                0.29432,                0.35267,                0.25166,                0.14483,                   1.52,                 2.4169,                 1.3183,               0.001198,               0.001198,               0.001198
                     24,                 1.4259,                 2.0003,                 1.2193,                0.25034,                0.38276,                0.25161,                0.13805,                 1.5084,                 2.3234,                 1.3083,              0.0011955,              0.0011955,              0.0011955
                     25,                 1.4077,                 1.9517,                 1.2018,                0.50425,                0.37146,                0.25089,                0.13921,                 1.5558,                 2.2429,                  1.309,              0.0011931,              0.0011931,              0.0011931
                     26,                 1.4291,                 1.9169,                 1.2119,                0.48913,                0.33748,                0.24274,                0.13185,                 1.5345,                 2.2574,                  1.327,              0.0011906,              0.0011906,              0.0011906
                     27,                 1.4168,                  1.906,                 1.2262,                0.32636,                0.34376,                0.26202,                0.15243,                 1.5129,                 2.1933,                 1.3195,              0.0011881,              0.0011881,              0.0011881
                     28,                 1.4006,                 1.9222,                 1.2285,                0.27462,                0.40525,                0.25591,                0.13893,                 1.4511,                 2.4491,                 1.2875,              0.0011856,              0.0011856,              0.0011856
                     29,                 1.4108,                 1.9285,                 1.2099,                0.33924,                0.38365,                0.26637,                0.15189,                 1.4736,                 2.1915,                 1.2844,              0.0011832,              0.0011832,              0.0011832
                     30,                 1.4077,                 1.8735,                  1.191,                0.28787,                0.38785,                0.26093,                0.13756,                 1.5575,                 2.2652,                 1.3361,              0.0011807,              0.0011807,              0.0011807
                     31,                 1.4555,                 1.8473,                 1.2332,                 0.2917,                 0.3988,                0.25451,                0.14628,                 1.5602,                 2.3461,                 1.3435,              0.0011782,              0.0011782,              0.0011782
                     32,                 1.3807,                 1.8557,                 1.2004,                0.25498,                0.37108,                0.23153,                0.12989,                 1.4989,                 2.3394,                 1.2947,              0.0011757,              0.0011757,              0.0011757
                     33,                 1.4114,                  1.849,                 1.1986,                0.23955,                 0.4187,                0.25511,                0.13963,                 1.5284,                  2.652,                 1.3095,              0.0011733,              0.0011733,              0.0011733
                     34,                 1.4485,                 1.8657,                 1.2257,                0.26297,                0.42976,                0.25652,                 0.1404,                 1.5202,                 2.3036,                 1.3131,              0.0011708,              0.0011708,              0.0011708
                     35,                  1.403,                 1.7577,                 1.2147,                0.25827,                0.36479,                 0.2343,                0.12839,                 1.5125,                 2.4903,                 1.3214,              0.0011683,              0.0011683,              0.0011683
                     36,                 1.3872,                 1.8136,                  1.186,                0.24634,                0.36521,                0.22769,                0.12284,                 1.5357,                 2.4276,                 1.3051,              0.0011658,              0.0011658,              0.0011658
                     37,                 1.3697,                 1.8248,                 1.1907,                0.28124,                0.44144,                0.26853,                0.14883,                  1.492,                  2.439,                 1.2992,              0.0011634,              0.0011634,              0.0011634
                     38,                 1.4053,                  1.788,                 1.2182,                0.26366,                0.39917,                 0.2503,                0.13727,                 1.5029,                 2.7727,                 1.3026,              0.0011609,              0.0011609,              0.0011609
                     39,                 1.4033,                 1.8736,                  1.206,                0.20505,                0.41179,                0.20731,                0.11035,                 1.4949,                 2.7698,                 1.2948,              0.0011584,              0.0011584,              0.0011584
                     40,                 1.3709,                 1.8277,                 1.1873,                 0.3001,                0.35655,                 0.2458,                 0.1399,                 1.4642,                 2.3019,                 1.2905,              0.0011559,              0.0011559,              0.0011559
                     41,                 1.3837,                 1.8001,                 1.1812,                0.51722,                0.35075,                0.25782,                0.14797,                 1.5118,                 2.2028,                 1.3072,              0.0011535,              0.0011535,              0.0011535
                     42,                 1.3762,                 1.8257,                  1.208,                0.24985,                0.39777,                0.24541,                0.12909,                 1.5767,                 2.4053,                 1.3514,               0.001151,               0.001151,               0.001151
                     43,                 1.3747,                 1.8042,                 1.1819,                0.27201,                0.38727,                0.23599,                0.12471,                 1.5612,                 3.0575,                 1.3597,              0.0011485,              0.0011485,              0.0011485
                     44,                  1.367,                 1.7945,                 1.1807,                0.26489,                0.36768,                0.22832,                 0.1188,                 1.5395,                 2.5812,                 1.3319,              0.0011461,              0.0011461,              0.0011461
                     45,                 1.3424,                 1.7699,                  1.166,                0.23524,                0.42747,                0.25028,                0.14478,                 1.4928,                 2.2776,                 1.3081,              0.0011436,              0.0011436,              0.0011436
                     46,                 1.3559,                 1.7834,                 1.1939,                0.28923,                0.37104,                0.24656,                0.13245,                 1.5661,                 2.2302,                 1.3185,              0.0011411,              0.0011411,              0.0011411
                     47,                 1.3655,                 1.7606,                 1.1795,                0.30007,                0.34806,                0.22796,                0.12828,                 1.4926,                  2.377,                  1.293,              0.0011386,              0.0011386,              0.0011386
                     48,                 1.3518,                 1.7285,                  1.175,                0.27331,                0.40933,                0.23162,                0.12981,                 1.5366,                  2.292,                 1.3238,              0.0011362,              0.0011362,              0.0011362
                     49,                 1.3676,                 1.7794,                 1.2021,                0.24865,                0.39806,                0.22298,                0.12617,                 1.5203,                 2.3568,                 1.3188,              0.0011337,              0.0011337,              0.0011337
                     50,                 1.3431,                 1.7955,                 1.1883,                0.28218,                0.32761,                0.21647,                0.12318,                 1.5049,                 2.3472,                 1.3215,              0.0011312,              0.0011312,              0.0011312
                     51,                 1.3208,                 1.7196,                 1.1782,                0.27176,                0.38852,                0.25291,                0.14776,                 1.5348,                 2.3266,                 1.3355,              0.0011287,              0.0011287,              0.0011287
                     52,                 1.3761,                 1.7522,                 1.1999,                0.25046,                0.39626,                0.23461,                 0.1307,                 1.4999,                 2.3356,                 1.3202,              0.0011263,              0.0011263,              0.0011263
                     53,                 1.3147,                 1.6358,                 1.1631,                0.31725,                0.35971,                0.26642,                0.15665,                 1.4827,                 2.2999,                 1.3075,              0.0011238,              0.0011238,              0.0011238
                     54,                 1.3413,                 1.6508,                  1.176,                0.23611,                 0.4102,                 0.2636,                0.15708,                 1.5012,                 2.2258,                 1.3006,              0.0011213,              0.0011213,              0.0011213
                     55,                 1.3253,                 1.6744,                 1.1562,                 0.2406,                0.31827,                0.20786,                0.11494,                 1.6025,                 2.5626,                 1.3521,              0.0011188,              0.0011188,              0.0011188
                     56,                 1.3244,                 1.7305,                 1.1726,                0.30565,                0.36493,                0.24436,                0.14372,                 1.5307,                 2.2194,                 1.3076,              0.0011164,              0.0011164,              0.0011164
                     57,                 1.3408,                 1.7018,                   1.17,                0.24545,                0.39672,                0.22109,                0.12567,                 1.5114,                 2.4296,                 1.3236,              0.0011139,              0.0011139,              0.0011139
                     58,                 1.3395,                 1.6634,                 1.1778,                0.22321,                0.35761,                0.21231,                0.12405,                 1.5551,                 2.6822,                 1.3519,              0.0011114,              0.0011114,              0.0011114
                     59,                 1.3185,                 1.6512,                 1.1699,                0.26721,                0.42301,                 0.2434,                0.13681,                 1.5045,                  2.938,                 1.3201,              0.0011089,              0.0011089,              0.0011089
                     60,                 1.3518,                 1.6885,                 1.1783,                0.30862,                0.34112,                0.24763,                0.13214,                 1.5548,                 2.5317,                 1.3408,              0.0011065,              0.0011065,              0.0011065
                     61,                 1.3282,                 1.7184,                 1.1694,                0.23054,                0.40254,                0.25217,                0.14062,                 1.5606,                 2.3197,                 1.3558,               0.001104,               0.001104,               0.001104
                     62,                 1.3021,                 1.6437,                 1.1501,                0.25879,                0.40622,                0.24965,                0.13629,                 1.5343,                  2.262,                 1.3149,              0.0011015,              0.0011015,              0.0011015
                     63,                  1.303,                 1.6864,                 1.1564,                0.28507,                0.34223,                0.27268,                0.15293,                 1.5132,                 2.2405,                 1.2955,               0.001099,               0.001099,               0.001099
                     64,                 1.3014,                 1.6407,                 1.1715,                0.23357,                0.36145,                0.25547,                0.14873,                 1.5374,                 2.2145,                 1.3579,              0.0010965,              0.0010965,              0.0010965
                     65,                 1.3103,                 1.6595,                 1.1723,                0.28188,                0.38461,                0.27207,                0.15159,                 1.5466,                 2.1501,                  1.349,              0.0010941,              0.0010941,              0.0010941
                     66,                 1.3038,                 1.6111,                 1.1472,                0.23735,                  0.422,                0.27899,                0.15752,                 1.5563,                  2.226,                 1.3697,              0.0010916,              0.0010916,              0.0010916
                     67,                 1.3107,                 1.6189,                 1.1563,                0.26958,                0.34802,                0.25836,                0.14279,                 1.5407,                 2.1995,                 1.3428,              0.0010891,              0.0010891,              0.0010891
                     68,                 1.2837,                 1.5764,                 1.1404,                0.35276,                0.35018,                0.27227,                0.14553,                 1.5368,                  2.308,                 1.3573,              0.0010866,              0.0010866,              0.0010866
                     69,                 1.2745,                 1.6076,                 1.1712,                0.25918,                0.41622,                0.25675,                0.14254,                 1.5511,                 2.2936,                 1.3528,              0.0010842,              0.0010842,              0.0010842
                     70,                 1.3068,                 1.5892,                 1.1748,                0.22572,                  0.424,                0.27796,                0.16392,                 1.5391,                 2.2483,                 1.3215,              0.0010817,              0.0010817,              0.0010817
                     71,                  1.278,                 1.6313,                 1.1337,                0.22781,                0.39097,                0.26283,                0.14976,                 1.5402,                 2.3419,                 1.3445,              0.0010792,              0.0010792,              0.0010792
                     72,                 1.2649,                 1.5661,                  1.156,                0.23119,                0.44114,                0.23823,                0.12816,                  1.561,                 2.4131,                 1.3596,              0.0010768,              0.0010768,              0.0010768
                     73,                 1.2738,                 1.5621,                 1.1501,                0.27671,                0.36888,                0.24734,                0.13697,                 1.5434,                  2.261,                 1.3207,              0.0010743,              0.0010743,              0.0010743
                     74,                 1.2883,                 1.5688,                 1.1312,                 0.2299,                 0.4169,                  0.239,                0.13208,                 1.5864,                 2.2038,                 1.3505,              0.0010718,              0.0010718,              0.0010718
                     75,                 1.2758,                 1.5544,                 1.1485,                0.20761,                 0.4565,                0.22883,                0.12737,                 1.5984,                 2.3041,                 1.3771,              0.0010693,              0.0010693,              0.0010693
                     76,                 1.2974,                 1.6291,                 1.1553,                0.25028,                0.35661,                0.22677,                0.12814,                 1.5466,                 2.4813,                 1.3524,              0.0010669,              0.0010669,              0.0010669
                     77,                 1.2746,                 1.5574,                 1.1514,                 0.2644,                0.31002,                0.21319,                0.11734,                 1.5687,                 2.3607,                 1.3702,              0.0010644,              0.0010644,              0.0010644
                     78,                 1.2527,                  1.555,                 1.1408,                0.24843,                0.37139,                0.22382,                0.11506,                 1.5964,                 2.2064,                 1.3945,              0.0010619,              0.0010619,              0.0010619
                     79,                 1.2816,                 1.5658,                 1.1542,                0.23814,                 0.3524,                0.23911,                0.13064,                 1.5217,                 2.2302,                 1.3348,              0.0010594,              0.0010594,              0.0010594
                     80,                 1.2743,                 1.5528,                 1.1516,                0.24228,                0.44217,                0.25483,                0.14013,                 1.5678,                 2.4309,                 1.3592,               0.001057,               0.001057,               0.001057
                     81,                 1.2867,                 1.5716,                 1.1594,                0.24662,                 0.3398,                 0.2385,                0.13547,                 1.5573,                 2.5665,                 1.3707,              0.0010545,              0.0010545,              0.0010545
                     82,                 1.2993,                 1.5427,                 1.1443,                0.23968,                0.39035,                0.23691,                0.12551,                 1.5786,                 2.4723,                 1.3655,               0.001052,               0.001052,               0.001052
                     83,                 1.2528,                 1.5237,                 1.1371,                 0.2488,                0.44178,                0.27133,                0.15333,                 1.5171,                  2.185,                 1.3132,              0.0010495,              0.0010495,              0.0010495
                     84,                 1.2718,                 1.4966,                 1.1511,                0.23579,                0.34743,                 0.2191,                0.11624,                  1.565,                 2.6079,                  1.368,               0.001047,               0.001047,               0.001047
                     85,                 1.2753,                 1.5213,                 1.1576,                0.24568,                0.37984,                0.24578,                0.13866,                 1.5264,                 2.2835,                 1.3476,              0.0010446,              0.0010446,              0.0010446
                     86,                 1.2719,                 1.5228,                 1.1522,                 0.2452,                  0.415,                 0.2577,                0.14397,                 1.5282,                 2.2561,                 1.3392,              0.0010421,              0.0010421,              0.0010421
                     87,                 1.2759,                 1.4971,                 1.1559,                0.23575,                0.39508,                0.27195,                0.16088,                 1.5441,                 2.1756,                 1.3298,              0.0010396,              0.0010396,              0.0010396
                     88,                 1.2255,                 1.4508,                 1.1327,                0.24205,                0.36401,                0.25415,                0.14353,                 1.5501,                 2.4006,                 1.3511,              0.0010372,              0.0010372,              0.0010372
                     89,                 1.2398,                 1.4697,                 1.1216,                0.25353,                 0.4004,                0.23259,                   0.13,                 1.5264,                 2.6048,                 1.3365,              0.0010347,              0.0010347,              0.0010347
                     90,                 1.2445,                 1.4721,                 1.1261,                0.27885,                0.35773,                0.24158,                0.12981,                 1.5393,                 2.6981,                 1.3527,              0.0010322,              0.0010322,              0.0010322
                     91,                 1.2589,                 1.4947,                 1.1359,                0.27815,                0.37743,                0.25173,                0.13438,                 1.5533,                 2.3724,                 1.3551,              0.0010297,              0.0010297,              0.0010297
                     92,                 1.2672,                 1.5058,                 1.1398,                0.26552,                0.34565,                0.24059,                  0.132,                 1.5751,                 2.2736,                 1.3722,              0.0010273,              0.0010273,              0.0010273
                     93,                 1.2638,                 1.4383,                 1.1451,                0.27632,                0.35512,                0.23137,                0.12106,                 1.6402,                 2.3944,                 1.4181,              0.0010248,              0.0010248,              0.0010248
                     94,                 1.2671,                 1.4732,                 1.1432,                0.25194,                0.41932,                0.25343,                0.14444,                 1.5976,                 2.1942,                 1.3656,              0.0010223,              0.0010223,              0.0010223
                     95,                 1.2117,                 1.4339,                 1.1123,                0.28502,                0.37648,                0.24963,                0.13936,                 1.6075,                  2.482,                 1.3747,              0.0010198,              0.0010198,              0.0010198
                     96,                 1.2758,                 1.4689,                 1.1493,                0.24562,                0.42221,                0.23807,                0.13276,                 1.5886,                 2.4227,                 1.3688,              0.0010173,              0.0010173,              0.0010173
                     97,                 1.2592,                 1.4807,                 1.1497,                0.25951,                0.39415,                0.25401,                0.14277,                 1.5488,                 2.5895,                 1.3635,              0.0010149,              0.0010149,              0.0010149
                     98,                 1.2495,                 1.4774,                 1.1298,                0.25587,                0.39484,                0.23911,                0.13434,                 1.5842,                 2.4979,                 1.3599,              0.0010124,              0.0010124,              0.0010124
                     99,                 1.2044,                 1.4735,                 1.1183,                0.22231,                0.35173,                0.19595,                0.10414,                 1.6168,                 2.5946,                 1.3943,              0.0010099,              0.0010099,              0.0010099
                    100,                 1.2109,                 1.4113,                 1.1038,                0.31864,                0.30488,                0.24102,                0.13705,                 1.5979,                 2.4365,                 1.3946,              0.0010075,              0.0010075,              0.0010075
                    101,                 1.2402,                 1.4119,                 1.1178,                0.30525,                0.34702,                0.24722,                0.13753,                 1.5864,                 2.3633,                 1.3778,               0.001005,               0.001005,               0.001005
                    102,                 1.2333,                  1.486,                 1.1388,                0.23809,                0.39826,                0.24703,                0.13776,                 1.5577,                  2.431,                 1.3679,              0.0010025,              0.0010025,              0.0010025
                    103,                 1.2071,                 1.4163,                 1.1366,                 0.2124,                0.39795,                 0.2389,                0.12997,                 1.5576,                 2.4029,                 1.3638,                  0.001,                  0.001,                  0.001
                    104,                 1.2329,                 1.4158,                 1.1204,                0.23369,                0.37093,                0.22081,                  0.118,                 1.5693,                 2.4289,                 1.3424,             0.00099755,             0.00099755,             0.00099755
                    105,                 1.2312,                 1.3648,                 1.1032,                0.21537,                0.38696,                0.22757,                0.12584,                 1.5802,                 2.5282,                 1.3516,             0.00099507,             0.00099507,             0.00099507
                    106,                 1.2731,                 1.4198,                 1.1387,                0.23481,                0.35099,                0.22124,                0.11779,                 1.5921,                 2.4644,                 1.3612,              0.0009926,              0.0009926,              0.0009926
                    107,                 1.2596,                 1.4543,                 1.1242,                 0.2245,                0.39637,                0.23438,                0.13098,                 1.5553,                 2.3668,                 1.3519,             0.00099013,             0.00099013,             0.00099013
                    108,                 1.2519,                 1.4647,                 1.1327,                0.27437,                0.35856,                0.22464,                0.11661,                 1.5945,                   2.41,                 1.4115,             0.00098765,             0.00098765,             0.00098765
                    109,                  1.234,                 1.3664,                 1.1161,                0.25327,                0.37161,                0.22288,                0.11998,                 1.5782,                 2.3815,                 1.3738,             0.00098518,             0.00098518,             0.00098518
                    110,                  1.197,                  1.347,                 1.1047,                0.21683,                0.35676,                 0.2095,                0.11594,                 1.5519,                  2.285,                 1.3578,              0.0009827,              0.0009827,              0.0009827
                    111,                 1.2253,                 1.3473,                 1.1194,                0.18979,                0.39283,                0.20348,                0.11058,                 1.5381,                 2.4587,                 1.3563,             0.00098022,             0.00098022,             0.00098022
                    112,                  1.238,                  1.393,                  1.133,                 0.2319,                0.39196,                0.23418,                0.12457,                 1.5509,                 2.7283,                 1.3611,             0.00097775,             0.00097775,             0.00097775
                    113,                 1.2134,                 1.3869,                  1.125,                0.19681,                 0.4279,                0.22768,                0.12206,                  1.577,                 2.4535,                 1.3593,             0.00097528,             0.00097528,             0.00097528
                    114,                 1.1882,                 1.3389,                  1.111,                0.23591,                0.42627,                0.24382,                0.13672,                 1.5528,                 2.1968,                  1.331,              0.0009728,              0.0009728,              0.0009728
                    115,                 1.1967,                 1.3313,                 1.1123,                0.24384,                0.43966,                0.24446,                 0.1355,                 1.5468,                 2.2492,                 1.3317,             0.00097033,             0.00097033,             0.00097033
                    116,                  1.178,                 1.3636,                 1.0983,                0.19241,                0.35922,                0.19172,                0.10097,                 1.5844,                 2.6306,                 1.3842,             0.00096785,             0.00096785,             0.00096785
                    117,                 1.2093,                 1.3955,                 1.1177,                0.23038,                0.32132,                0.20157,                0.11058,                 1.5684,                 2.5184,                 1.3655,             0.00096537,             0.00096537,             0.00096537
                    118,                  1.215,                  1.333,                 1.1091,                0.19784,                0.38353,                0.21598,                0.11268,                  1.614,                 2.3269,                 1.4063,              0.0009629,              0.0009629,              0.0009629
                    119,                  1.242,                 1.3274,                 1.1173,                0.19537,                0.43089,                0.23654,                0.13085,                 1.5694,                 2.3294,                 1.3749,             0.00096043,             0.00096043,             0.00096043
                    120,                 1.2033,                 1.3417,                 1.1084,                0.23528,                0.37797,                0.21858,                0.11762,                  1.584,                 2.6189,                 1.3703,             0.00095795,             0.00095795,             0.00095795
                    121,                 1.2128,                 1.3235,                 1.1063,                0.23327,                0.40897,                0.21993,                0.11941,                 1.5917,                  2.373,                 1.3628,             0.00095548,             0.00095548,             0.00095548
                    122,                 1.2606,                 1.3908,                 1.1338,                0.21633,                0.37367,                0.19787,                0.10479,                 1.6112,                 2.8842,                 1.4051,               0.000953,               0.000953,               0.000953
                    123,                 1.2076,                 1.3202,                 1.1082,                 0.1761,                0.42288,                0.19298,                0.10744,                 1.5732,                 3.1876,                 1.3608,             0.00095053,             0.00095053,             0.00095053
                    124,                 1.1961,                 1.3135,                 1.1008,                0.17537,                0.39888,                0.19494,                0.10927,                 1.5776,                 2.6978,                 1.3842,             0.00094805,             0.00094805,             0.00094805
                    125,                  1.206,                 1.3155,                 1.1266,                0.22977,                0.41351,                0.22329,                0.12377,                 1.5999,                 2.5181,                 1.3822,             0.00094558,             0.00094558,             0.00094558
                    126,                 1.1764,                 1.2991,                 1.1014,                 0.2085,                0.41217,                0.20425,                0.11131,                 1.6673,                 2.6912,                 1.4115,              0.0009431,              0.0009431,              0.0009431
                    127,                 1.1525,                 1.3121,                 1.1013,                 0.2137,                0.39689,                  0.211,                0.11767,                 1.6086,                 2.4436,                 1.3756,             0.00094062,             0.00094062,             0.00094062
                    128,                 1.1626,                 1.2537,                 1.0894,                0.19209,                0.39977,                0.20488,                0.11128,                 1.6281,                 2.3345,                 1.4193,             0.00093815,             0.00093815,             0.00093815
                    129,                 1.1824,                 1.2514,                 1.1021,                0.24721,                0.37125,                0.22046,                0.12478,                 1.5962,                 2.3047,                 1.4012,             0.00093567,             0.00093567,             0.00093567
                    130,                 1.1734,                 1.2527,                 1.1025,                0.23497,                 0.3894,                0.22682,                0.12352,                 1.6003,                 2.4042,                 1.4075,              0.0009332,              0.0009332,              0.0009332
                    131,                 1.1584,                 1.2278,                 1.0918,                0.25428,                0.33994,                0.21174,                 0.1179,                 1.5949,                 2.4562,                 1.3846,             0.00093073,             0.00093073,             0.00093073
                    132,                 1.1511,                 1.2443,                 1.0803,                0.19963,                0.37473,                0.20934,                0.11677,                 1.6041,                   2.57,                 1.3864,             0.00092825,             0.00092825,             0.00092825
                    133,                 1.1589,                 1.2248,                 1.0831,                0.24033,                0.29832,                0.20593,                0.11481,                 1.5758,                 2.6868,                 1.3809,             0.00092577,             0.00092577,             0.00092577
                    134,                 1.1658,                 1.2582,                  1.094,                0.17994,                0.40593,                0.19388,                0.10844,                 1.5756,                 2.7777,                 1.3724,              0.0009233,              0.0009233,              0.0009233
                    135,                 1.1581,                 1.2407,                 1.0849,                0.17887,                0.39918,                0.17619,                0.09615,                 1.5741,                 2.9691,                 1.3994,             0.00092083,             0.00092083,             0.00092083
                    136,                 1.1808,                 1.2658,                 1.1109,                0.20281,                0.40492,                0.19703,                0.11199,                 1.6036,                 2.6948,                 1.3947,             0.00091835,             0.00091835,             0.00091835
                    137,                  1.185,                 1.2234,                 1.1031,                0.18521,                0.42198,                0.19036,                0.10283,                 1.6498,                 2.8025,                 1.4304,             0.00091588,             0.00091588,             0.00091588
                    138,                 1.1446,                 1.1963,                 1.0814,                0.21663,                 0.3497,                0.20739,                0.11543,                 1.6122,                 2.8375,                 1.4068,              0.0009134,              0.0009134,              0.0009134
                    139,                 1.1863,                 1.2639,                 1.1095,                0.21487,                0.39401,                0.21138,                0.11321,                 1.6122,                 2.6974,                 1.4081,             0.00091092,             0.00091092,             0.00091092
                    140,                 1.1935,                 1.1858,                 1.0995,                0.23801,                0.37044,                 0.2205,                0.12084,                 1.5872,                 2.3993,                 1.3943,             0.00090845,             0.00090845,             0.00090845
                    141,                 1.1611,                 1.1898,                 1.0823,                0.22896,                0.31952,                0.18789,                0.09795,                 1.6623,                 2.6842,                 1.4382,             0.00090597,             0.00090597,             0.00090597
                    142,                 1.1674,                 1.1962,                  1.091,                0.20725,                0.40102,                0.19113,                0.10594,                 1.6103,                 2.5861,                 1.3829,              0.0009035,              0.0009035,              0.0009035
                    143,                 1.1522,                 1.1764,                 1.0989,                0.20327,                0.40827,                0.18734,                0.09708,                  1.669,                 2.9494,                  1.448,             0.00090103,             0.00090103,             0.00090103
                    144,                 1.1769,                 1.2329,                 1.0952,                0.21478,                0.37705,                0.19902,                0.11181,                 1.6208,                 2.6616,                 1.3988,             0.00089855,             0.00089855,             0.00089855
                    145,                 1.1964,                 1.2368,                 1.0961,                0.17915,                0.29349,                0.16097,                0.08446,                 1.7133,                 2.7979,                 1.4708,             0.00089607,             0.00089607,             0.00089607
                    146,                 1.1534,                 1.2151,                  1.079,                0.17726,                0.37099,                0.18197,                0.09094,                 1.6987,                 3.0927,                 1.4397,              0.0008936,              0.0008936,              0.0008936
                    147,                 1.1596,                 1.1577,                 1.0835,                0.20776,                0.38299,                0.20092,                0.10899,                 1.6488,                 2.7909,                 1.3863,             0.00089112,             0.00089112,             0.00089112
                    148,                 1.1246,                 1.1325,                 1.0743,                0.19615,                 0.3989,                0.19351,                0.09942,                 1.6585,                 2.6519,                 1.4217,             0.00088865,             0.00088865,             0.00088865
                    149,                 1.1682,                 1.1516,                 1.0941,                0.18455,                0.41934,                0.19368,                0.10956,                 1.6023,                 2.9154,                 1.3941,             0.00088618,             0.00088618,             0.00088618
                    150,                 1.1201,                 1.0926,                 1.0655,                0.18501,                0.44467,                0.18359,                 0.0996,                 1.6124,                 3.1834,                 1.4221,              0.0008837,              0.0008837,              0.0008837
                    151,                 1.1112,                 1.1628,                  1.066,                0.18556,                0.41895,                0.18815,                0.10188,                 1.6007,                 2.7689,                 1.4209,             0.00088122,             0.00088122,             0.00088122
                    152,                 1.1315,                 1.1706,                 1.0813,                0.19902,                 0.3996,                0.20483,                0.10918,                 1.6219,                 2.4262,                 1.4169,             0.00087875,             0.00087875,             0.00087875
                    153,                 1.1427,                 1.1838,                 1.0701,                 0.2144,                0.40795,                0.21103,                 0.1184,                 1.6081,                 2.3085,                 1.3928,             0.00087628,             0.00087628,             0.00087628
                    154,                 1.1615,                 1.1353,                 1.0905,                0.20517,                0.36915,                 0.1906,                0.10257,                  1.669,                 2.5036,                 1.4562,              0.0008738,              0.0008738,              0.0008738
                    155,                   1.13,                 1.1349,                 1.0942,                 0.2256,                0.35864,                0.19817,                0.11029,                 1.6488,                 2.4604,                 1.4288,             0.00087132,             0.00087132,             0.00087132
                    156,                 1.1162,                  1.087,                 1.0558,                0.20829,                0.37951,                0.19779,                0.10448,                 1.6942,                 2.4365,                 1.4432,             0.00086885,             0.00086885,             0.00086885
                    157,                 1.1202,                 1.0499,                 1.0719,                  0.222,                0.40414,                0.21697,                0.12136,                  1.615,                 2.6085,                 1.4103,             0.00086637,             0.00086637,             0.00086637
                    158,                 1.1035,                 1.1546,                 1.0723,                0.21231,                0.37158,                0.20215,                0.11039,                 1.6694,                 2.5469,                  1.466,              0.0008639,              0.0008639,              0.0008639
                    159,                 1.1317,                 1.1595,                  1.088,                0.18218,                0.43497,                0.18887,                0.10185,                 1.6379,                 2.4798,                 1.4463,             0.00086142,             0.00086142,             0.00086142
                    160,                 1.1386,                 1.1109,                 1.0643,                0.20855,                0.37473,                 0.1845,                0.09629,                 1.6616,                 2.6827,                 1.4678,             0.00085895,             0.00085895,             0.00085895
                    161,                 1.1469,                 1.1274,                 1.0712,                0.22365,                0.40109,                0.19896,                0.11073,                 1.6171,                 2.5962,                 1.4263,             0.00085647,             0.00085647,             0.00085647
                    162,                 1.1117,                 1.1238,                 1.0731,                0.22068,                0.35948,                0.20643,                0.10859,                 1.6738,                 2.7622,                 1.4468,               0.000854,               0.000854,               0.000854
                    163,                 1.1015,                 1.0808,                 1.0582,                0.20953,                0.42737,                0.21122,                 0.1189,                 1.6383,                 2.5457,                 1.4035,             0.00085152,             0.00085152,             0.00085152
                    164,                 1.1034,                 1.0962,                 1.0661,                0.18705,                0.39103,                0.18398,                0.09642,                 1.6707,                 2.6486,                 1.4618,             0.00084905,             0.00084905,             0.00084905
                    165,                 1.1121,                 1.1358,                  1.079,                0.19763,                0.37405,                0.20359,                0.11205,                 1.6348,                 2.5709,                 1.4241,             0.00084658,             0.00084658,             0.00084658
                    166,                 1.1056,                 1.0664,                 1.0781,                0.18222,                0.38401,                0.20152,                0.10713,                 1.6689,                 2.6228,                 1.4426,              0.0008441,              0.0008441,              0.0008441
                    167,                 1.1081,                  1.078,                 1.0573,                0.20009,                0.38183,                0.20067,                0.11067,                 1.6301,                 2.6776,                 1.4216,             0.00084162,             0.00084162,             0.00084162
                    168,                 1.0871,                 1.0797,                 1.0698,                0.19235,                0.40102,                0.18039,                0.09855,                 1.6361,                 2.6615,                 1.4072,             0.00083915,             0.00083915,             0.00083915
                    169,                 1.1219,                 1.0676,                 1.0806,                 0.2067,                0.36325,                0.18841,                0.09943,                 1.6141,                 2.6328,                 1.3914,             0.00083667,             0.00083667,             0.00083667
                    170,                 1.1098,                 1.1086,                 1.0656,                0.22465,                0.39682,                0.20344,                   0.11,                 1.6342,                 2.6555,                 1.4096,              0.0008342,              0.0008342,              0.0008342
